{
  "_id": "00259E-EG8145V5-485754430933778A",
  "InternetGatewayDevice": {
    "Capabilities": {
      "_object": true,
      "_writable": false
    },
    "DHCPv4": {
      "_object": true,
      "_writable": true
    },
    "DHCPv6": {
      "_object": true,
      "_writable": true
    },
    "DNS": {
      "_object": true,
      "_writable": true
    },
    "DeviceConfig": {
      "_object": true,
      "_writable": false
    },
    "DeviceInfo": {
      "HardwareVersion": {
        "_object": false,
        "_timestamp": "2025-06-01T05:30:32.028Z",
        "_type": "xsd:string",
        "_value": "159D.A"
      },
      "ProvisioningCode": {
        "_object": false,
        "_timestamp": "2025-06-01T05:30:32.028Z",
        "_type": "xsd:string",
        "_value": ""
      },
      "SoftwareVersion": {
        "_object": false,
        "_timestamp": "2025-06-01T05:30:32.028Z",
        "_type": "xsd:string",
        "_value": "V5R019C00S100"
      },
      "SpecVersion": {
        "_object": false,
        "_timestamp": "2025-06-01T05:30:32.028Z",
        "_type": "xsd:string",
        "_value": "1.0"
      },
      "_object": true,
      "_writable": true
    },
    "DeviceSummary": {
      "_object": false,
      "_timestamp": "2025-06-01T05:30:32.028Z",
      "_type": "xsd:string",
      "_value": "InternetGatewayDevice:1.4[](Baseline:1, EthernetLAN:1, WiFiLAN:2, Time:1, IPPing:1, DeviceAssociation:1), VoiceService:1.0[1](Endpoint:1, SIPEndpoint:1)",
      "_writable": false
    },
    "Diagnostics": {
      "_object": true,
      "_writable": false
    },
    "DownloadDiagnostics": {
      "_object": true,
      "_writable": true
    },
    "IPPingDiagnostics": {
      "_object": true,
      "_writable": true
    },
    "LANConfigSecurity": {
      "_object": true,
      "_writable": true
    },
    "LANDevice": {
      "1": {
        "Hosts": {
          "Host": {
            "_object": true,
            "_timestamp": "2025-06-01T05:01:29.837Z",
            "_writable": true
          },
          "HostNumberOfEntries": {
            "_object": false,
            "_writable": false
          },
          "_object": true,
          "_timestamp": "2025-06-01T05:01:29.837Z",
          "_writable": true
        },
        "LANEthernetInterfaceConfig": {
          "_object": true,
          "_writable": true
        },
        "LANEthernetInterfaceNumberOfEntries": {
          "_object": false,
          "_writable": false
        },
        "LANHostConfigManagement": {
          "_object": true,
          "_writable": true
        },
        "LANUSBInterfaceConfig": {
          "_object": true,
          "_writable": true
        },
        "LANUSBInterfaceNumberOfEntries": {
          "_object": false,
          "_writable": false
        },
        "LANWLANConfigurationNumberOfEntries": {
          "_object": false,
          "_writable": false
        },
        "WLANConfiguration": {
          "1": {
            "APWMMParameter": {
              "_object": true,
              "_writable": true
            },
            "AssociatedDevice": {
              "_object": true,
              "_writable": true
            },
            "AuthenticationServiceMode": {
              "_object": false,
              "_writable": true
            },
            "AutoChannelEnable": {
              "_object": false,
              "_writable": true
            },
            "AutoRateFallBackEnabled": {
              "_object": false,
              "_writable": true
            },
            "BSSID": {
              "_object": false,
              "_writable": false
            },
            "BasicAuthenticationMode": {
              "_object": false,
              "_writable": true
            },
            "BasicDataTransmitRates": {
              "_object": false,
              "_writable": true
            },
            "BasicEncryptionModes": {
              "_object": false,
              "_writable": true
            },
            "BeaconAdvertisementEnabled": {
              "_object": false,
              "_writable": true
            },
            "BeaconType": {
              "_object": false,
              "_writable": true
            },
            "Channel": {
              "_object": false,
              "_writable": true
            },
            "ChannelPlus": {
              "_object": false,
              "_writable": true
            },
            "ChannelsInUse": {
              "_object": false,
              "_writable": false
            },
            "DeviceOperationMode": {
              "_object": false,
              "_writable": true
            },
            "DistanceFromRoot": {
              "_object": false,
              "_writable": true
            },
            "Enable": {
              "_object": false,
              "_writable": true
            },
            "IEEE11iAuthenticationMode": {
              "_object": false,
              "_writable": true
            },
            "IEEE11iEncryptionModes": {
              "_object": false,
              "_writable": true
            },
            "InsecureOOBAccessEnabled": {
              "_object": false,
              "_writable": true
            },
            "KeyPassphrase": {
              "_object": false,
              "_timestamp": "2025-06-01T05:01:29.849Z",
              "_type": "xsd:string",
              "_value": "",
              "_writable": true
            },
            "LocationDescription": {
              "_object": false,
              "_writable": true
            },
            "LowerLayers": {
              "_object": false,
              "_writable": true
            },
            "MACAddressControlEnabled": {
              "_object": false,
              "_writable": true
            },
            "MaxBitRate": {
              "_object": false,
              "_writable": true
            },
            "Name": {
              "_object": false,
              "_writable": false
            },
            "OperationalDataTransmitRates": {
              "_object": false,
              "_writable": true
            },
            "PeerBSSID": {
              "_object": false,
              "_writable": true
            },
            "PossibleChannels": {
              "_object": false,
              "_writable": false
            },
            "PossibleDataTransmitRates": {
              "_object": false,
              "_writable": false
            },
            "PreSharedKey": {
              "_object": true,
              "_writable": true
            },
            "RadioEnabled": {
              "_object": false,
              "_writable": true
            },
            "RegulatoryDomain": {
              "_object": false,
              "_writable": true
            },
            "SSID": {
              "_object": false,
              "_timestamp": "2025-06-01T05:01:29.849Z",
              "_type": "xsd:string",
              "_value": "jk-2.4G",
              "_writable": true
            },
            "SSIDAdvertisementEnabled": {
              "_object": false,
              "_writable": true
            },
            "STAWMMParameter": {
              "_object": true,
              "_writable": true
            },
            "Standard": {
              "_object": false,
              "_writable": true
            },
            "Stats": {
              "_object": true,
              "_writable": false
            },
            "Status": {
              "_object": false,
              "_writable": false
            },
            "TotalAssociations": {
              "_object": false,
              "_writable": false
            },
            "TotalBytesReceived": {
              "_object": false,
              "_writable": false
            },
            "TotalBytesSent": {
              "_object": false,
              "_writable": false
            },
            "TotalIntegrityFailures": {
              "_object": false,
              "_writable": false
            },
            "TotalPSKFailures": {
              "_object": false,
              "_writable": false
            },
            "TotalPacketsReceived": {
              "_object": false,
              "_writable": false
            },
            "TotalPacketsSent": {
              "_object": false,
              "_writable": false
            },
            "TransmitPower": {
              "_object": false,
              "_writable": true
            },
            "TransmitPowerSupported": {
              "_object": false,
              "_writable": false
            },
            "UAPSDEnable": {
              "_object": false,
              "_writable": true
            },
            "UAPSDSupported": {
              "_object": false,
              "_writable": false
            },
            "WEPEncryptionLevel": {
              "_object": false,
              "_writable": true
            },
            "WEPKey": {
              "_object": true,
              "_writable": true
            },
            "WEPKeyIndex": {
              "_object": false,
              "_writable": true
            },
            "WMMEnable": {
              "_object": false,
              "_writable": true
            },
            "WMMSupported": {
              "_object": false,
              "_writable": false
            },
            "WPAAuthenticationMode": {
              "_object": false,
              "_writable": true
            },
            "WPAEncryptionModes": {
              "_object": false,
              "_writable": true
            },
            "WPS": {
              "_object": true,
              "_writable": true
            },
            "X_HW_AdvanceConf": {
              "_object": true,
              "_writable": true
            },
            "X_HW_AssociateNum": {
              "_object": false,
              "_writable": true
            },
            "X_HW_AttachConf": {
              "_object": true,
              "_writable": true
            },
            "X_HW_HT20": {
              "_object": false,
              "_writable": true
            },
            "X_HW_Mode": {
              "_object": false,
              "_writable": true
            },
            "X_HW_PowerValue": {
              "_object": false,
              "_writable": false
            },
            "X_HW_RFBand": {
              "_object": false,
              "_writable": true
            },
            "X_HW_RadiuServer": {
              "_object": false,
              "_writable": true
            },
            "X_HW_RadiusKey": {
              "_object": false,
              "_writable": true
            },
            "X_HW_RadiusPort": {
              "_object": false,
              "_writable": true
            },
            "X_HW_RetryTimeout": {
              "_object": false,
              "_writable": true
            },
            "X_HW_Service": {
              "_object": true,
              "_writable": true
            },
            "X_HW_Standard": {
              "_object": false,
              "_writable": true
            },
            "X_HW_SupportedStandards": {
              "_object": false,
              "_writable": false
            },
            "X_HW_VLAN": {
              "_object": false,
              "_writable": true
            },
            "X_HW_WPAand11iAuthenticationMode": {
              "_object": false,
              "_writable": true
            },
            "X_HW_WPAand11iEncryptionModes": {
              "_object": false,
              "_writable": true
            },
            "X_HW_WPSKeyWord": {
              "_object": false,
              "_writable": true
            },
            "X_HW_WebVisibility": {
              "_object": false,
              "_writable": true
            },
            "X_HW_WorkMode": {
              "_object": false,
              "_writable": true
            },
            "_object": true,
            "_timestamp": "2025-06-01T05:01:29.837Z",
            "_writable": true
          },
          "5": {
            "APWMMParameter": {
              "_object": true,
              "_writable": true
            },
            "AssociatedDevice": {
              "_object": true,
              "_writable": true
            },
            "AuthenticationServiceMode": {
              "_object": false,
              "_writable": true
            },
            "AutoChannelEnable": {
              "_object": false,
              "_writable": true
            },
            "AutoRateFallBackEnabled": {
              "_object": false,
              "_writable": true
            },
            "BSSID": {
              "_object": false,
              "_writable": false
            },
            "BasicAuthenticationMode": {
              "_object": false,
              "_writable": true
            },
            "BasicDataTransmitRates": {
              "_object": false,
              "_writable": true
            },
            "BasicEncryptionModes": {
              "_object": false,
              "_writable": true
            },
            "BeaconAdvertisementEnabled": {
              "_object": false,
              "_writable": true
            },
            "BeaconType": {
              "_object": false,
              "_writable": true
            },
            "Channel": {
              "_object": false,
              "_writable": true
            },
            "ChannelPlus": {
              "_object": false,
              "_writable": true
            },
            "ChannelsInUse": {
              "_object": false,
              "_writable": false
            },
            "DeviceOperationMode": {
              "_object": false,
              "_writable": true
            },
            "DistanceFromRoot": {
              "_object": false,
              "_writable": true
            },
            "Enable": {
              "_object": false,
              "_writable": true
            },
            "IEEE11iAuthenticationMode": {
              "_object": false,
              "_writable": true
            },
            "IEEE11iEncryptionModes": {
              "_object": false,
              "_writable": true
            },
            "InsecureOOBAccessEnabled": {
              "_object": false,
              "_writable": true
            },
            "KeyPassphrase": {
              "_object": false,
              "_timestamp": "2025-06-01T05:01:29.849Z",
              "_type": "xsd:string",
              "_value": "",
              "_writable": true
            },
            "LocationDescription": {
              "_object": false,
              "_writable": true
            },
            "LowerLayers": {
              "_object": false,
              "_writable": true
            },
            "MACAddressControlEnabled": {
              "_object": false,
              "_writable": true
            },
            "MaxBitRate": {
              "_object": false,
              "_writable": true
            },
            "Name": {
              "_object": false,
              "_writable": false
            },
            "OperationalDataTransmitRates": {
              "_object": false,
              "_writable": true
            },
            "PeerBSSID": {
              "_object": false,
              "_writable": true
            },
            "PossibleChannels": {
              "_object": false,
              "_writable": false
            },
            "PossibleDataTransmitRates": {
              "_object": false,
              "_writable": false
            },
            "PreSharedKey": {
              "_object": true,
              "_writable": true
            },
            "RadioEnabled": {
              "_object": false,
              "_writable": true
            },
            "RegulatoryDomain": {
              "_object": false,
              "_writable": true
            },
            "SSID": {
              "_object": false,
              "_timestamp": "2025-06-01T05:01:29.849Z",
              "_type": "xsd:string",
              "_value": "jk-5G",
              "_writable": true
            },
            "SSIDAdvertisementEnabled": {
              "_object": false,
              "_writable": true
            },
            "STAWMMParameter": {
              "_object": true,
              "_writable": true
            },
            "Standard": {
              "_object": false,
              "_writable": true
            },
            "Stats": {
              "_object": true,
              "_writable": false
            },
            "Status": {
              "_object": false,
              "_writable": false
            },
            "TotalAssociations": {
              "_object": false,
              "_writable": false
            },
            "TotalBytesReceived": {
              "_object": false,
              "_writable": false
            },
            "TotalBytesSent": {
              "_object": false,
              "_writable": false
            },
            "TotalIntegrityFailures": {
              "_object": false,
              "_writable": false
            },
            "TotalPSKFailures": {
              "_object": false,
              "_writable": false
            },
            "TotalPacketsReceived": {
              "_object": false,
              "_writable": false
            },
            "TotalPacketsSent": {
              "_object": false,
              "_writable": false
            },
            "TransmitPower": {
              "_object": false,
              "_writable": true
            },
            "TransmitPowerSupported": {
              "_object": false,
              "_writable": false
            },
            "UAPSDEnable": {
              "_object": false,
              "_writable": true
            },
            "UAPSDSupported": {
              "_object": false,
              "_writable": false
            },
            "WEPEncryptionLevel": {
              "_object": false,
              "_writable": true
            },
            "WEPKey": {
              "_object": true,
              "_writable": true
            },
            "WEPKeyIndex": {
              "_object": false,
              "_writable": true
            },
            "WMMEnable": {
              "_object": false,
              "_writable": true
            },
            "WMMSupported": {
              "_object": false,
              "_writable": false
            },
            "WPAAuthenticationMode": {
              "_object": false,
              "_writable": true
            },
            "WPAEncryptionModes": {
              "_object": false,
              "_writable": true
            },
            "WPS": {
              "_object": true,
              "_writable": true
            },
            "X_HW_AdvanceConf": {
              "_object": true,
              "_writable": true
            },
            "X_HW_AssociateNum": {
              "_object": false,
              "_writable": true
            },
            "X_HW_AttachConf": {
              "_object": true,
              "_writable": true
            },
            "X_HW_HT20": {
              "_object": false,
              "_writable": true
            },
            "X_HW_Mode": {
              "_object": false,
              "_writable": true
            },
            "X_HW_PowerValue": {
              "_object": false,
              "_writable": false
            },
            "X_HW_RFBand": {
              "_object": false,
              "_writable": true
            },
            "X_HW_RadiuServer": {
              "_object": false,
              "_writable": true
            },
            "X_HW_RadiusKey": {
              "_object": false,
              "_writable": true
            },
            "X_HW_RadiusPort": {
              "_object": false,
              "_writable": true
            },
            "X_HW_RetryTimeout": {
              "_object": false,
              "_writable": true
            },
            "X_HW_Service": {
              "_object": true,
              "_writable": true
            },
            "X_HW_Standard": {
              "_object": false,
              "_writable": true
            },
            "X_HW_SupportedStandards": {
              "_object": false,
              "_writable": false
            },
            "X_HW_VLAN": {
              "_object": false,
              "_writable": true
            },
            "X_HW_WPAand11iAuthenticationMode": {
              "_object": false,
              "_writable": true
            },
            "X_HW_WPAand11iEncryptionModes": {
              "_object": false,
              "_writable": true
            },
            "X_HW_WPSKeyWord": {
              "_object": false,
              "_writable": true
            },
            "X_HW_WebVisibility": {
              "_object": false,
              "_writable": true
            },
            "X_HW_WorkMode": {
              "_object": false,
              "_writable": true
            },
            "_object": true,
            "_timestamp": "2025-06-01T05:01:29.837Z",
            "_writable": true
          },
          "_object": true,
          "_timestamp": "2025-06-01T05:01:29.837Z",
          "_writable": true
        },
        "WiFi": {
          "_object": true,
          "_writable": true
        },
        "X_HW_DHCPv6": {
          "_object": true,
          "_writable": true
        },
        "X_HW_IPv6Config": {
          "_object": true,
          "_writable": true
        },
        "X_HW_LanService": {
          "_object": true,
          "_writable": true
        },
        "X_HW_RouterAdvertisement": {
          "_object": true,
          "_writable": true
        },
        "X_HW_WLANForGuest": {
          "_object": true,
          "_writable": true
        },
        "X_HW_WLANForISP": {
          "_object": true,
          "_writable": true
        },
        "X_HW_WlanEnable": {
          "_object": false,
          "_writable": true
        },
        "X_HW_WlanPowerValue": {
          "_object": false,
          "_writable": true
        },
        "X_HW_Wps2Enable": {
          "_object": false,
          "_writable": true
        },
        "_object": true,
        "_timestamp": "2025-06-01T05:01:29.837Z",
        "_writable": true
      },
      "_object": true,
      "_timestamp": "2025-06-01T05:01:29.837Z",
      "_writable": true
    },
    "LANDeviceNumberOfEntries": {
      "_object": false,
      "_writable": false
    },
    "LANInterfaces": {
      "_object": true,
      "_writable": true
    },
    "Layer3Forwarding": {
      "_object": true,
      "_writable": true
    },
    "ManagementServer": {
      "ConnectionRequestPassword": {
        "_object": false,
        "_timestamp": "2025-06-01T05:01:29.853Z",
        "_type": "xsd:string",
        "_value": "",
        "_writable": true
      },
      "ConnectionRequestURL": {
        "_object": false,
        "_timestamp": "2025-06-01T05:30:32.028Z",
        "_type": "xsd:string",
        "_value": "http://172.68.255.248:7547/1311a42a99875f64d189de57c6656af5",
        "_writable": true
      },
      "ConnectionRequestUsername": {
        "_object": false,
        "_timestamp": "2025-06-01T05:01:29.853Z",
        "_type": "xsd:string",
        "_value": "admin",
        "_writable": true
      },
      "DefaultActiveNotificationThrottle": {
        "_object": false,
        "_writable": true
      },
      "EnableCWMP": {
        "_object": false,
        "_writable": true
      },
      "InformParameter": {
        "_object": true,
        "_writable": true
      },
      "InformParameterNumberOfEntries": {
        "_object": false,
        "_writable": false
      },
      "ManageableDevice": {
        "_object": true,
        "_writable": false
      },
      "ManageableDeviceNotificationLimit": {
        "_object": false,
        "_writable": true
      },
      "ManageableDeviceNumberOfEntries": {
        "_object": false,
        "_writable": false
      },
      "NATDetected": {
        "_object": false,
        "_writable": false
      },
      "ParameterKey": {
        "_object": false,
        "_timestamp": "2025-06-01T05:30:32.028Z",
        "_type": "xsd:string",
        "_value": "",
        "_writable": false
      },
      "Password": {
        "_object": false,
        "_writable": true
      },
      "PeriodicInformEnable": {
        "_object": false,
        "_timestamp": "2025-06-01T05:01:29.853Z",
        "_type": "xsd:boolean",
        "_value": true,
        "_writable": true
      },
      "PeriodicInformInterval": {
        "_object": false,
        "_timestamp": "2025-06-01T05:01:29.853Z",
        "_type": "xsd:unsignedInt",
        "_value": 5,
        "_writable": true
      },
      "PeriodicInformTime": {
        "_object": false,
        "_timestamp": "2025-06-01T05:01:29.853Z",
        "_type": "xsd:dateTime",
        "_value": "2025-05-14T19:10:00.000Z",
        "_writable": true
      },
      "UDPConnectionRequestAddress": {
        "_object": false,
        "_writable": false
      },
      "UDPConnectionRequestAddressNotificationLimit": {
        "_object": false,
        "_writable": true
      },
      "URL": {
        "_object": false,
        "_writable": true
      },
      "UpgradesManaged": {
        "_object": false,
        "_writable": true
      },
      "Username": {
        "_object": false,
        "_writable": true
      },
      "VirtualDevice": {
        "_object": true,
        "_writable": true
      },
      "X_HW_CertPassword": {
        "_object": false,
        "_writable": true
      },
      "X_HW_CheckUrlRandom": {
        "_object": false,
        "_writable": true
      },
      "X_HW_DSCP": {
        "_object": false,
        "_writable": true
      },
      "X_HW_EnableCertificate": {
        "_object": false,
        "_writable": true
      },
      "X_HW_RandomInformEnable": {
        "_object": false,
        "_writable": true
      },
      "X_HW_Syntax": {
        "_object": false,
        "_writable": true
      },
      "_object": true,
      "_timestamp": "2025-06-01T05:01:29.837Z",
      "_writable": true
    },
    "Optical": {
      "_object": true,
      "_writable": true
    },
    "QueueManagement": {
      "_object": true,
      "_writable": true
    },
    "ServerSelectionDiagnostics": {
      "_object": true,
      "_writable": true
    },
    "Services": {
      "_object": true,
      "_writable": true
    },
    "Time": {
      "_object": true,
      "_writable": true
    },
    "TraceRouteDiagnostics": {
      "_object": true,
      "_writable": true
    },
    "UDPEchoConfig": {
      "_object": true,
      "_writable": true
    },
    "UploadDiagnostics": {
      "_object": true,
      "_writable": true
    },
    "UserInterface": {
      "_object": true,
      "_writable": true
    },
    "WANDevice": {
      "1": {
        "WANConnectionDevice": {
          "1": {
            "WANIPConnection": {
              "1": {
                "AddressingType": {
                  "_object": false,
                  "_writable": true
                },
                "AutoDisconnectTime": {
                  "_object": false,
                  "_writable": true
                },
                "ConnectionStatus": {
                  "_object": false,
                  "_writable": false
                },
                "ConnectionTrigger": {
                  "_object": false,
                  "_writable": true
                },
                "ConnectionType": {
                  "_object": false,
                  "_writable": true
                },
                "DHCPClient": {
                  "_object": true,
                  "_writable": true
                },
                "DNSEnabled": {
                  "_object": false,
                  "_writable": true
                },
                "DNSOverrideAllowed": {
                  "_object": false,
                  "_writable": true
                },
                "DNSServers": {
                  "_object": false,
                  "_writable": true
                },
                "DefaultGateway": {
                  "_object": false,
                  "_writable": true
                },
                "Enable": {
                  "_object": false,
                  "_writable": true
                },
                "ExternalIPAddress": {
                  "_object": false,
                  "_timestamp": "2025-06-01T05:30:32.028Z",
                  "_type": "xsd:string",
                  "_value": "172.68.255.248",
                  "_writable": true
                },
                "IdleDisconnectTime": {
                  "_object": false,
                  "_writable": true
                },
                "LastConnectionError": {
                  "_object": false,
                  "_writable": false
                },
                "MACAddress": {
                  "_object": false,
                  "_timestamp": "2025-06-01T05:01:29.841Z",
                  "_type": "xsd:string",
                  "_value": "08:E4:2F:09:33:78",
                  "_writable": false
                },
                "MACAddressOverride": {
                  "_object": false,
                  "_writable": true
                },
                "MaxMTUSize": {
                  "_object": false,
                  "_writable": true
                },
                "NATEnabled": {
                  "_object": false,
                  "_writable": true
                },
                "Name": {
                  "_object": false,
                  "_writable": true
                },
                "PortMapping": {
                  "_object": true,
                  "_writable": true
                },
                "PortMappingNumberOfEntries": {
                  "_object": false,
                  "_writable": false
                },
                "PossibleConnectionTypes": {
                  "_object": false,
                  "_writable": false
                },
                "RSIPAvailable": {
                  "_object": false,
                  "_writable": false
                },
                "Reset": {
                  "_object": false,
                  "_writable": true
                },
                "RouteProtocolRx": {
                  "_object": false,
                  "_writable": true
                },
                "ShapingBurstSize": {
                  "_object": false,
                  "_writable": true
                },
                "ShapingRate": {
                  "_object": false,
                  "_writable": true
                },
                "Stats": {
                  "_object": true,
                  "_writable": true
                },
                "SubnetMask": {
                  "_object": false,
                  "_writable": true
                },
                "Uptime": {
                  "_object": false,
                  "_writable": false
                },
                "WarnDisconnectDelay": {
                  "_object": false,
                  "_writable": true
                },
                "X_HW_6RDTunnel": {
                  "_object": true,
                  "_writable": true
                },
                "X_HW_CU_MLDProxyEnable": {
                  "_object": false,
                  "_writable": true
                },
                "X_HW_ClientID": {
                  "_object": false,
                  "_writable": true
                },
                "X_HW_DDNSConfiguration": {
                  "_object": true,
                  "_writable": true
                },
                "X_HW_DHCPOPTION125": {
                  "_object": true,
                  "_writable": true
                },
                "X_HW_DHCPServer": {
                  "_object": false,
                  "_writable": false
                },
                "X_HW_DMZ": {
                  "_object": true,
                  "_writable": true
                },
                "X_HW_DefaultPri": {
                  "_object": false,
                  "_writable": true
                },
                "X_HW_Dnsv4ProxyForV6": {
                  "_object": false,
                  "_writable": true
                },
                "X_HW_DscpToPbitTbl": {
                  "_object": false,
                  "_writable": true
                },
                "X_HW_ExServiceList": {
                  "_object": false,
                  "_writable": true
                },
                "X_HW_ExtendDHCPOPTION60": {
                  "_object": true,
                  "_writable": true
                },
                "X_HW_IPv4Enable": {
                  "_object": false,
                  "_writable": true
                },
                "X_HW_IPv6": {
                  "_object": true,
                  "_writable": true
                },
                "X_HW_IPv6Enable": {
                  "_object": false,
                  "_writable": true
                },
                "X_HW_IPv6MultiCastVLAN": {
                  "_object": false,
                  "_writable": true
                },
                "X_HW_IPv6OPTION16": {
                  "_object": true,
                  "_writable": true
                },
                "X_HW_IPv6OPTION17": {
                  "_object": true,
                  "_writable": true
                },
                "X_HW_IPv6_PortForwardNumberOfEntries": {
                  "_object": false,
                  "_writable": false
                },
                "X_HW_LANBIND": {
                  "_object": true,
                  "_writable": true
                },
                "X_HW_LowerLayers": {
                  "_object": false,
                  "_writable": true
                },
                "X_HW_MultiCastVLAN": {
                  "_object": false,
                  "_writable": true
                },
                "X_HW_NPTv6Enable": {
                  "_object": false,
                  "_writable": true
                },
                "X_HW_NatType": {
                  "_object": false,
                  "_writable": true
                },
                "X_HW_PRI": {
                  "_object": false,
                  "_writable": true
                },
                "X_HW_PortTrigger": {
                  "_object": true,
                  "_writable": true
                },
                "X_HW_PriPolicy": {
                  "_object": false,
                  "_writable": true
                },
                "X_HW_RouteProtocolAuthKey": {
                  "_object": false,
                  "_writable": true
                },
                "X_HW_RouteProtocolAuthMode": {
                  "_object": false,
                  "_writable": true
                },
                "X_HW_RouteProtocolRxMode": {
                  "_object": false,
                  "_writable": true
                },
                "X_HW_SERVICELIST": {
                  "_object": false,
                  "_writable": true
                },
                "X_HW_UpstreamWAN": {
                  "_object": false,
                  "_writable": true
                },
                "X_HW_VLAN": {
                  "_object": false,
                  "_writable": true
                },
                "X_HW_VenderClassID": {
                  "_object": false,
                  "_writable": true
                },
                "_object": true,
                "_timestamp": "2025-06-01T05:01:29.837Z",
                "_writable": true
              },
              "_object": true,
              "_timestamp": "2025-06-01T05:01:29.837Z"
            },
            "_object": true,
            "_writable": true
          },
          "_object": true,
          "_timestamp": "2025-06-01T05:01:29.837Z"
        },
        "_object": true,
        "_writable": true
      },
      "_object": true,
      "_timestamp": "2025-06-01T05:01:29.837Z",
      "_writable": true
    },
    "WANDeviceNumberOfEntries": {
      "_object": false,
      "_writable": false
    },
    "X_HW_ALG": {
      "_object": true,
      "_writable": true
    },
    "X_HW_APDevice": {
      "_object": true,
      "_writable": false
    },
    "X_HW_APMPolicy": {
      "_object": true,
      "_writable": true
    },
    "X_HW_ARPPingDiagnostics": {
      "_object": true,
      "_writable": true
    },
    "X_HW_AmpInfo": {
      "_object": true,
      "_writable": true
    },
    "X_HW_AppRemoteManage": {
      "_object": true,
      "_writable": true
    },
    "X_HW_Arp": {
      "_object": true,
      "_writable": true
    },
    "X_HW_CHL_SCAN": {
      "_object": true,
      "_writable": true
    },
    "X_HW_DHCPSLVSERVER": {
      "_object": true,
      "_writable": true
    },
    "X_HW_DHCP_PING_EMULATOR": {
      "_object": true,
      "_writable": true
    },
    "X_HW_DNS": {
      "_object": true,
      "_writable": true
    },
    "X_HW_Dot1agCfm": {
      "_object": true,
      "_writable": true
    },
    "X_HW_FeatureList": {
      "_object": true,
      "_writable": true
    },
    "X_HW_IPTV": {
      "_object": true,
      "_writable": true
    },
    "X_HW_IPv6": {
      "_object": true,
      "_writable": true
    },
    "X_HW_IPv6Layer3Forwarding": {
      "_object": true,
      "_writable": true
    },
    "X_HW_IperfSpeedTest": {
      "_object": true,
      "_writable": true
    },
    "X_HW_MainUPnP": {
      "_object": true,
      "_writable": true
    },
    "X_HW_NeighborDiscovery": {
      "_object": true,
      "_writable": true
    },
    "X_HW_NetInfo_Acquisition": {
      "_object": true,
      "_writable": true
    },
    "X_HW_Option": {
      "_object": true,
      "_writable": true
    },
    "X_HW_POTSDeviceNumber": {
      "_object": false,
      "_writable": false
    },
    "X_HW_PPPOE_EMLUATOR": {
      "_object": true,
      "_writable": true
    },
    "X_HW_PPPoE_BridgeWAN_AutoEmulator": {
      "_object": true,
      "_writable": true
    },
    "X_HW_PonQualityMonitor": {
      "_object": true,
      "_writable": true
    },
    "X_HW_SFTP": {
      "_object": true,
      "_writable": true
    },
    "X_HW_Security": {
      "_object": true,
      "_writable": true
    },
    "X_HW_ServiceManage": {
      "_object": true,
      "_writable": true
    },
    "X_HW_SlvUPnP": {
      "_object": true,
      "_writable": true
    },
    "X_HW_SmartCAT": {
      "_object": true,
      "_writable": true
    },
    "X_HW_SmartTopo": {
      "_object": true,
      "_writable": true
    },
    "X_HW_SslConfig": {
      "_object": true,
      "_writable": true
    },
    "X_HW_UplinkQos": {
      "_object": true,
      "_writable": true
    },
    "X_HW_WiFiDiagnostic": {
      "_object": true,
      "_writable": true
    },
    "X_HW_WifiCoverService": {
      "_object": true,
      "_writable": true
    },
    "X_HW_eMDI": {
      "_object": true,
      "_writable": true
    },
    "_object": true,
    "_timestamp": "2025-06-01T05:01:29.837Z",
    "_writable": false
  },
  "_deviceId": {
    "_Manufacturer": "Huawei Technologies Co., Ltd",
    "_OUI": "00259E",
    "_ProductClass": "EG8145V5",
    "_SerialNumber": "485754430933778A"
  },
  "_lastBoot": "2025-06-01T05:01:29.837Z",
  "_lastBootstrap": "2025-06-01T05:01:29.837Z",
  "_lastInform": "2025-06-01T05:30:32.027Z",
  "_registered": "2025-06-01T05:01:29.837Z",
  "_timestamp": "2025-06-01T05:01:29.837Z"
}